USE findw;
DELETE FROM fact_sales; DELETE FROM dim_photo; DELETE FROM dim_date;
INSERT INTO dim_photo (photo_id,title,photographer,license_type,price_cents) VALUES (1,'Dawn Over the Fjord','Ingrid Solberg','standard',4900),(2,'Market Spices, Marrakech','Youssef El Amrani','standard',3900),(3,'Neon Rain, Tokyo','Kenji Nakamura','extended',6900),(4,'Salt Flats Mirror','Camila Rojas','extended',5900),(5,'Highland Cattle','Fiona MacLeod','standard',2900),(6,'Desert Dunes at Dusk','Omar Haddad','standard',4400);
INSERT INTO dim_date (date_key,full_date,year,quarter,month,month_name,day) VALUES (20250701,'2025-07-01',2025,3,7,'July',1),(20250702,'2025-07-02',2025,3,7,'July',2),(20250703,'2025-07-03',2025,3,7,'July',3),(20250704,'2025-07-04',2025,3,7,'July',4),(20250705,'2025-07-05',2025,3,7,'July',5),(20250706,'2025-07-06',2025,3,7,'July',6),(20250707,'2025-07-07',2025,3,7,'July',7),(20250708,'2025-07-08',2025,3,7,'July',8),(20250709,'2025-07-09',2025,3,7,'July',9),(20250710,'2025-07-10',2025,3,7,'July',10),(20250711,'2025-07-11',2025,3,7,'July',11),(20250712,'2025-07-12',2025,3,7,'July',12),(20250713,'2025-07-13',2025,3,7,'July',13),(20250714,'2025-07-14',2025,3,7,'July',14),(20250715,'2025-07-15',2025,3,7,'July',15),(20250716,'2025-07-16',2025,3,7,'July',16),(20250717,'2025-07-17',2025,3,7,'July',17),(20250718,'2025-07-18',2025,3,7,'July',18),(20250719,'2025-07-19',2025,3,7,'July',19),(20250720,'2025-07-20',2025,3,7,'July',20),(20250721,'2025-07-21',2025,3,7,'July',21),(20250722,'2025-07-22',2025,3,7,'July',22),(20250723,'2025-07-23',2025,3,7,'July',23),(20250724,'2025-07-24',2025,3,7,'July',24),(20250725,'2025-07-25',2025,3,7,'July',25),(20250726,'2025-07-26',2025,3,7,'July',26),(20250727,'2025-07-27',2025,3,7,'July',27),(20250728,'2025-07-28',2025,3,7,'July',28),(20250729,'2025-07-29',2025,3,7,'July',29),(20250730,'2025-07-30',2025,3,7,'July',30),(20250731,'2025-07-31',2025,3,7,'July',31),(20250801,'2025-08-01',2025,3,8,'August',1),(20250802,'2025-08-02',2025,3,8,'August',2),(20250803,'2025-08-03',2025,3,8,'August',3),(20250804,'2025-08-04',2025,3,8,'August',4),(20250805,'2025-08-05',2025,3,8,'August',5),(20250806,'2025-08-06',2025,3,8,'August',6),(20250807,'2025-08-07',2025,3,8,'August',7),(20250808,'2025-08-08',2025,3,8,'August',8),(20250809,'2025-08-09',2025,3,8,'August',9),(20250810,'2025-08-10',2025,3,8,'August',10),(20250811,'2025-08-11',2025,3,8,'August',11),(20250812,'2025-08-12',2025,3,8,'August',12),(20250813,'2025-08-13',2025,3,8,'August',13),(20250814,'2025-08-14',2025,3,8,'August',14),(20250815,'2025-08-15',2025,3,8,'August',15),(20250816,'2025-08-16',2025,3,8,'August',16),(20250817,'2025-08-17',2025,3,8,'August',17),(20250818,'2025-08-18',2025,3,8,'August',18),(20250819,'2025-08-19',2025,3,8,'August',19),(20250820,'2025-08-20',2025,3,8,'August',20),(20250821,'2025-08-21',2025,3,8,'August',21),(20250822,'2025-08-22',2025,3,8,'August',22),(20250823,'2025-08-23',2025,3,8,'August',23),(20250824,'2025-08-24',2025,3,8,'August',24),(20250825,'2025-08-25',2025,3,8,'August',25),(20250826,'2025-08-26',2025,3,8,'August',26),(20250827,'2025-08-27',2025,3,8,'August',27),(20250828,'2025-08-28',2025,3,8,'August',28),(20250829,'2025-08-29',2025,3,8,'August',29),(20250830,'2025-08-30',2025,3,8,'August',30),(20250831,'2025-08-31',2025,3,8,'August',31),(20250901,'2025-09-01',2025,3,9,'September',1),(20250902,'2025-09-02',2025,3,9,'September',2),(20250903,'2025-09-03',2025,3,9,'September',3),(20250904,'2025-09-04',2025,3,9,'September',4),(20250905,'2025-09-05',2025,3,9,'September',5),(20250906,'2025-09-06',2025,3,9,'September',6),(20250907,'2025-09-07',2025,3,9,'September',7),(20250908,'2025-09-08',2025,3,9,'September',8),(20250909,'2025-09-09',2025,3,9,'September',9),(20250910,'2025-09-10',2025,3,9,'September',10),(20250911,'2025-09-11',2025,3,9,'September',11),(20250912,'2025-09-12',2025,3,9,'September',12),(20250913,'2025-09-13',2025,3,9,'September',13),(20250914,'2025-09-14',2025,3,9,'September',14),(20250915,'2025-09-15',2025,3,9,'September',15),(20250916,'2025-09-16',2025,3,9,'September',16),(20250917,'2025-09-17',2025,3,9,'September',17),(20250918,'2025-09-18',2025,3,9,'September',18),(20250919,'2025-09-19',2025,3,9,'September',19),(20250920,'2025-09-20',2025,3,9,'September',20),(20250921,'2025-09-21',2025,3,9,'September',21),(20250922,'2025-09-22',2025,3,9,'September',22),(20250923,'2025-09-23',2025,3,9,'September',23),(20250924,'2025-09-24',2025,3,9,'September',24),(20250925,'2025-09-25',2025,3,9,'September',25),(20250926,'2025-09-26',2025,3,9,'September',26),(20250927,'2025-09-27',2025,3,9,'September',27),(20250928,'2025-09-28',2025,3,9,'September',28),(20250929,'2025-09-29',2025,3,9,'September',29),(20250930,'2025-09-30',2025,3,9,'September',30),(20251001,'2025-10-01',2025,4,10,'October',1),(20251002,'2025-10-02',2025,4,10,'October',2),(20251003,'2025-10-03',2025,4,10,'October',3),(20251004,'2025-10-04',2025,4,10,'October',4),(20251005,'2025-10-05',2025,4,10,'October',5),(20251006,'2025-10-06',2025,4,10,'October',6),(20251007,'2025-10-07',2025,4,10,'October',7),(20251008,'2025-10-08',2025,4,10,'October',8);
INSERT INTO dim_date (date_key,full_date,year,quarter,month,month_name,day) VALUES (20251009,'2025-10-09',2025,4,10,'October',9),(20251010,'2025-10-10',2025,4,10,'October',10),(20251011,'2025-10-11',2025,4,10,'October',11),(20251012,'2025-10-12',2025,4,10,'October',12),(20251013,'2025-10-13',2025,4,10,'October',13),(20251014,'2025-10-14',2025,4,10,'October',14),(20251015,'2025-10-15',2025,4,10,'October',15),(20251016,'2025-10-16',2025,4,10,'October',16),(20251017,'2025-10-17',2025,4,10,'October',17),(20251018,'2025-10-18',2025,4,10,'October',18),(20251019,'2025-10-19',2025,4,10,'October',19),(20251020,'2025-10-20',2025,4,10,'October',20),(20251021,'2025-10-21',2025,4,10,'October',21),(20251022,'2025-10-22',2025,4,10,'October',22),(20251023,'2025-10-23',2025,4,10,'October',23),(20251024,'2025-10-24',2025,4,10,'October',24),(20251025,'2025-10-25',2025,4,10,'October',25),(20251026,'2025-10-26',2025,4,10,'October',26),(20251027,'2025-10-27',2025,4,10,'October',27),(20251028,'2025-10-28',2025,4,10,'October',28),(20251029,'2025-10-29',2025,4,10,'October',29),(20251030,'2025-10-30',2025,4,10,'October',30),(20251031,'2025-10-31',2025,4,10,'October',31),(20251101,'2025-11-01',2025,4,11,'November',1),(20251102,'2025-11-02',2025,4,11,'November',2),(20251103,'2025-11-03',2025,4,11,'November',3),(20251104,'2025-11-04',2025,4,11,'November',4),(20251105,'2025-11-05',2025,4,11,'November',5),(20251106,'2025-11-06',2025,4,11,'November',6),(20251107,'2025-11-07',2025,4,11,'November',7),(20251108,'2025-11-08',2025,4,11,'November',8),(20251109,'2025-11-09',2025,4,11,'November',9),(20251110,'2025-11-10',2025,4,11,'November',10),(20251111,'2025-11-11',2025,4,11,'November',11),(20251112,'2025-11-12',2025,4,11,'November',12),(20251113,'2025-11-13',2025,4,11,'November',13),(20251114,'2025-11-14',2025,4,11,'November',14),(20251115,'2025-11-15',2025,4,11,'November',15),(20251116,'2025-11-16',2025,4,11,'November',16),(20251117,'2025-11-17',2025,4,11,'November',17),(20251118,'2025-11-18',2025,4,11,'November',18),(20251119,'2025-11-19',2025,4,11,'November',19),(20251120,'2025-11-20',2025,4,11,'November',20),(20251121,'2025-11-21',2025,4,11,'November',21),(20251122,'2025-11-22',2025,4,11,'November',22),(20251123,'2025-11-23',2025,4,11,'November',23),(20251124,'2025-11-24',2025,4,11,'November',24),(20251125,'2025-11-25',2025,4,11,'November',25),(20251126,'2025-11-26',2025,4,11,'November',26),(20251127,'2025-11-27',2025,4,11,'November',27),(20251128,'2025-11-28',2025,4,11,'November',28),(20251129,'2025-11-29',2025,4,11,'November',29),(20251130,'2025-11-30',2025,4,11,'November',30),(20251201,'2025-12-01',2025,4,12,'December',1),(20251202,'2025-12-02',2025,4,12,'December',2),(20251203,'2025-12-03',2025,4,12,'December',3),(20251204,'2025-12-04',2025,4,12,'December',4),(20251205,'2025-12-05',2025,4,12,'December',5),(20251206,'2025-12-06',2025,4,12,'December',6),(20251207,'2025-12-07',2025,4,12,'December',7),(20251208,'2025-12-08',2025,4,12,'December',8),(20251209,'2025-12-09',2025,4,12,'December',9),(20251210,'2025-12-10',2025,4,12,'December',10),(20251211,'2025-12-11',2025,4,12,'December',11),(20251212,'2025-12-12',2025,4,12,'December',12),(20251213,'2025-12-13',2025,4,12,'December',13),(20251214,'2025-12-14',2025,4,12,'December',14),(20251215,'2025-12-15',2025,4,12,'December',15),(20251216,'2025-12-16',2025,4,12,'December',16),(20251217,'2025-12-17',2025,4,12,'December',17),(20251218,'2025-12-18',2025,4,12,'December',18),(20251219,'2025-12-19',2025,4,12,'December',19),(20251220,'2025-12-20',2025,4,12,'December',20),(20251221,'2025-12-21',2025,4,12,'December',21),(20251222,'2025-12-22',2025,4,12,'December',22),(20251223,'2025-12-23',2025,4,12,'December',23),(20251224,'2025-12-24',2025,4,12,'December',24),(20251225,'2025-12-25',2025,4,12,'December',25),(20251226,'2025-12-26',2025,4,12,'December',26),(20251227,'2025-12-27',2025,4,12,'December',27),(20251228,'2025-12-28',2025,4,12,'December',28),(20251229,'2025-12-29',2025,4,12,'December',29),(20251230,'2025-12-30',2025,4,12,'December',30),(20251231,'2025-12-31',2025,4,12,'December',31),(20260101,'2026-01-01',2026,1,1,'January',1),(20260102,'2026-01-02',2026,1,1,'January',2),(20260103,'2026-01-03',2026,1,1,'January',3),(20260104,'2026-01-04',2026,1,1,'January',4),(20260105,'2026-01-05',2026,1,1,'January',5),(20260106,'2026-01-06',2026,1,1,'January',6),(20260107,'2026-01-07',2026,1,1,'January',7),(20260108,'2026-01-08',2026,1,1,'January',8),(20260109,'2026-01-09',2026,1,1,'January',9),(20260110,'2026-01-10',2026,1,1,'January',10),(20260111,'2026-01-11',2026,1,1,'January',11),(20260112,'2026-01-12',2026,1,1,'January',12),(20260113,'2026-01-13',2026,1,1,'January',13),(20260114,'2026-01-14',2026,1,1,'January',14),(20260115,'2026-01-15',2026,1,1,'January',15),(20260116,'2026-01-16',2026,1,1,'January',16);
INSERT INTO dim_date (date_key,full_date,year,quarter,month,month_name,day) VALUES (20260117,'2026-01-17',2026,1,1,'January',17),(20260118,'2026-01-18',2026,1,1,'January',18),(20260119,'2026-01-19',2026,1,1,'January',19),(20260120,'2026-01-20',2026,1,1,'January',20),(20260121,'2026-01-21',2026,1,1,'January',21),(20260122,'2026-01-22',2026,1,1,'January',22),(20260123,'2026-01-23',2026,1,1,'January',23),(20260124,'2026-01-24',2026,1,1,'January',24),(20260125,'2026-01-25',2026,1,1,'January',25),(20260126,'2026-01-26',2026,1,1,'January',26),(20260127,'2026-01-27',2026,1,1,'January',27),(20260128,'2026-01-28',2026,1,1,'January',28),(20260129,'2026-01-29',2026,1,1,'January',29),(20260130,'2026-01-30',2026,1,1,'January',30),(20260131,'2026-01-31',2026,1,1,'January',31),(20260201,'2026-02-01',2026,1,2,'February',1),(20260202,'2026-02-02',2026,1,2,'February',2),(20260203,'2026-02-03',2026,1,2,'February',3),(20260204,'2026-02-04',2026,1,2,'February',4),(20260205,'2026-02-05',2026,1,2,'February',5),(20260206,'2026-02-06',2026,1,2,'February',6),(20260207,'2026-02-07',2026,1,2,'February',7),(20260208,'2026-02-08',2026,1,2,'February',8),(20260209,'2026-02-09',2026,1,2,'February',9),(20260210,'2026-02-10',2026,1,2,'February',10),(20260211,'2026-02-11',2026,1,2,'February',11),(20260212,'2026-02-12',2026,1,2,'February',12),(20260213,'2026-02-13',2026,1,2,'February',13),(20260214,'2026-02-14',2026,1,2,'February',14),(20260215,'2026-02-15',2026,1,2,'February',15),(20260216,'2026-02-16',2026,1,2,'February',16),(20260217,'2026-02-17',2026,1,2,'February',17),(20260218,'2026-02-18',2026,1,2,'February',18),(20260219,'2026-02-19',2026,1,2,'February',19),(20260220,'2026-02-20',2026,1,2,'February',20),(20260221,'2026-02-21',2026,1,2,'February',21),(20260222,'2026-02-22',2026,1,2,'February',22),(20260223,'2026-02-23',2026,1,2,'February',23),(20260224,'2026-02-24',2026,1,2,'February',24),(20260225,'2026-02-25',2026,1,2,'February',25),(20260226,'2026-02-26',2026,1,2,'February',26),(20260227,'2026-02-27',2026,1,2,'February',27),(20260228,'2026-02-28',2026,1,2,'February',28),(20260301,'2026-03-01',2026,1,3,'March',1),(20260302,'2026-03-02',2026,1,3,'March',2),(20260303,'2026-03-03',2026,1,3,'March',3),(20260304,'2026-03-04',2026,1,3,'March',4),(20260305,'2026-03-05',2026,1,3,'March',5),(20260306,'2026-03-06',2026,1,3,'March',6),(20260307,'2026-03-07',2026,1,3,'March',7),(20260308,'2026-03-08',2026,1,3,'March',8),(20260309,'2026-03-09',2026,1,3,'March',9),(20260310,'2026-03-10',2026,1,3,'March',10),(20260311,'2026-03-11',2026,1,3,'March',11),(20260312,'2026-03-12',2026,1,3,'March',12),(20260313,'2026-03-13',2026,1,3,'March',13),(20260314,'2026-03-14',2026,1,3,'March',14),(20260315,'2026-03-15',2026,1,3,'March',15),(20260316,'2026-03-16',2026,1,3,'March',16),(20260317,'2026-03-17',2026,1,3,'March',17),(20260318,'2026-03-18',2026,1,3,'March',18),(20260319,'2026-03-19',2026,1,3,'March',19),(20260320,'2026-03-20',2026,1,3,'March',20),(20260321,'2026-03-21',2026,1,3,'March',21),(20260322,'2026-03-22',2026,1,3,'March',22),(20260323,'2026-03-23',2026,1,3,'March',23),(20260324,'2026-03-24',2026,1,3,'March',24),(20260325,'2026-03-25',2026,1,3,'March',25),(20260326,'2026-03-26',2026,1,3,'March',26),(20260327,'2026-03-27',2026,1,3,'March',27),(20260328,'2026-03-28',2026,1,3,'March',28),(20260329,'2026-03-29',2026,1,3,'March',29),(20260330,'2026-03-30',2026,1,3,'March',30),(20260331,'2026-03-31',2026,1,3,'March',31),(20260401,'2026-04-01',2026,2,4,'April',1),(20260402,'2026-04-02',2026,2,4,'April',2),(20260403,'2026-04-03',2026,2,4,'April',3),(20260404,'2026-04-04',2026,2,4,'April',4),(20260405,'2026-04-05',2026,2,4,'April',5),(20260406,'2026-04-06',2026,2,4,'April',6),(20260407,'2026-04-07',2026,2,4,'April',7),(20260408,'2026-04-08',2026,2,4,'April',8),(20260409,'2026-04-09',2026,2,4,'April',9),(20260410,'2026-04-10',2026,2,4,'April',10),(20260411,'2026-04-11',2026,2,4,'April',11),(20260412,'2026-04-12',2026,2,4,'April',12),(20260413,'2026-04-13',2026,2,4,'April',13),(20260414,'2026-04-14',2026,2,4,'April',14),(20260415,'2026-04-15',2026,2,4,'April',15),(20260416,'2026-04-16',2026,2,4,'April',16),(20260417,'2026-04-17',2026,2,4,'April',17),(20260418,'2026-04-18',2026,2,4,'April',18),(20260419,'2026-04-19',2026,2,4,'April',19),(20260420,'2026-04-20',2026,2,4,'April',20),(20260421,'2026-04-21',2026,2,4,'April',21),(20260422,'2026-04-22',2026,2,4,'April',22),(20260423,'2026-04-23',2026,2,4,'April',23),(20260424,'2026-04-24',2026,2,4,'April',24),(20260425,'2026-04-25',2026,2,4,'April',25),(20260426,'2026-04-26',2026,2,4,'April',26);
INSERT INTO dim_date (date_key,full_date,year,quarter,month,month_name,day) VALUES (20260427,'2026-04-27',2026,2,4,'April',27),(20260428,'2026-04-28',2026,2,4,'April',28),(20260429,'2026-04-29',2026,2,4,'April',29),(20260430,'2026-04-30',2026,2,4,'April',30),(20260501,'2026-05-01',2026,2,5,'May',1),(20260502,'2026-05-02',2026,2,5,'May',2),(20260503,'2026-05-03',2026,2,5,'May',3),(20260504,'2026-05-04',2026,2,5,'May',4),(20260505,'2026-05-05',2026,2,5,'May',5),(20260506,'2026-05-06',2026,2,5,'May',6),(20260507,'2026-05-07',2026,2,5,'May',7),(20260508,'2026-05-08',2026,2,5,'May',8),(20260509,'2026-05-09',2026,2,5,'May',9),(20260510,'2026-05-10',2026,2,5,'May',10),(20260511,'2026-05-11',2026,2,5,'May',11),(20260512,'2026-05-12',2026,2,5,'May',12),(20260513,'2026-05-13',2026,2,5,'May',13),(20260514,'2026-05-14',2026,2,5,'May',14),(20260515,'2026-05-15',2026,2,5,'May',15),(20260516,'2026-05-16',2026,2,5,'May',16),(20260517,'2026-05-17',2026,2,5,'May',17),(20260518,'2026-05-18',2026,2,5,'May',18),(20260519,'2026-05-19',2026,2,5,'May',19),(20260520,'2026-05-20',2026,2,5,'May',20),(20260521,'2026-05-21',2026,2,5,'May',21),(20260522,'2026-05-22',2026,2,5,'May',22),(20260523,'2026-05-23',2026,2,5,'May',23),(20260524,'2026-05-24',2026,2,5,'May',24),(20260525,'2026-05-25',2026,2,5,'May',25),(20260526,'2026-05-26',2026,2,5,'May',26),(20260527,'2026-05-27',2026,2,5,'May',27),(20260528,'2026-05-28',2026,2,5,'May',28),(20260529,'2026-05-29',2026,2,5,'May',29),(20260530,'2026-05-30',2026,2,5,'May',30),(20260531,'2026-05-31',2026,2,5,'May',31),(20260601,'2026-06-01',2026,2,6,'June',1),(20260602,'2026-06-02',2026,2,6,'June',2),(20260603,'2026-06-03',2026,2,6,'June',3),(20260604,'2026-06-04',2026,2,6,'June',4),(20260605,'2026-06-05',2026,2,6,'June',5),(20260606,'2026-06-06',2026,2,6,'June',6),(20260607,'2026-06-07',2026,2,6,'June',7),(20260608,'2026-06-08',2026,2,6,'June',8),(20260609,'2026-06-09',2026,2,6,'June',9),(20260610,'2026-06-10',2026,2,6,'June',10),(20260611,'2026-06-11',2026,2,6,'June',11),(20260612,'2026-06-12',2026,2,6,'June',12),(20260613,'2026-06-13',2026,2,6,'June',13),(20260614,'2026-06-14',2026,2,6,'June',14),(20260615,'2026-06-15',2026,2,6,'June',15),(20260616,'2026-06-16',2026,2,6,'June',16),(20260617,'2026-06-17',2026,2,6,'June',17),(20260618,'2026-06-18',2026,2,6,'June',18),(20260619,'2026-06-19',2026,2,6,'June',19),(20260620,'2026-06-20',2026,2,6,'June',20),(20260621,'2026-06-21',2026,2,6,'June',21),(20260622,'2026-06-22',2026,2,6,'June',22),(20260623,'2026-06-23',2026,2,6,'June',23),(20260624,'2026-06-24',2026,2,6,'June',24),(20260625,'2026-06-25',2026,2,6,'June',25),(20260626,'2026-06-26',2026,2,6,'June',26),(20260627,'2026-06-27',2026,2,6,'June',27),(20260628,'2026-06-28',2026,2,6,'June',28),(20260629,'2026-06-29',2026,2,6,'June',29),(20260630,'2026-06-30',2026,2,6,'June',30);
INSERT INTO fact_sales (date_key,photo_id,customer_ref,license_type,amount_cents,currency) VALUES (20250724,1,'cust-029','extended',7350,'USD'),(20250704,1,'cust-115','standard',4900,'USD'),(20250719,3,'cust-055','extended',6900,'USD'),(20250703,1,'cust-065','extended',7350,'USD'),(20250718,4,'cust-026','extended',5900,'USD'),(20250723,4,'cust-070','extended',5900,'USD'),(20250715,3,'cust-076','extended',6900,'USD'),(20250728,2,'cust-104','extended',5850,'USD'),(20250714,1,'cust-020','standard',4900,'USD'),(20250725,1,'cust-012','standard',4900,'USD'),(20250712,2,'cust-078','standard',3900,'USD'),(20250702,2,'cust-069','standard',3900,'USD'),(20250730,1,'cust-071','standard',4900,'USD'),(20250721,2,'cust-111','standard',3900,'USD'),(20250707,2,'cust-006','standard',3900,'USD'),(20250725,4,'cust-038','extended',5900,'USD'),(20250728,6,'cust-013','extended',6600,'USD'),(20250715,2,'cust-047','standard',3900,'USD'),(20250712,1,'cust-035','extended',7350,'USD'),(20250722,4,'cust-083','extended',5900,'USD'),(20250721,1,'cust-094','extended',7350,'USD'),(20250715,2,'cust-119','standard',3900,'USD'),(20250718,4,'cust-029','extended',5900,'USD'),(20250727,4,'cust-099','extended',5900,'USD'),(20250708,5,'cust-104','standard',2900,'USD'),(20250709,2,'cust-117','extended',5850,'USD'),(20250729,6,'cust-028','standard',4400,'USD'),(20250713,4,'cust-114','extended',5900,'USD'),(20250715,6,'cust-018','extended',6600,'USD'),(20250718,2,'cust-096','standard',3900,'USD'),(20250729,3,'cust-075','extended',6900,'USD'),(20250708,2,'cust-018','standard',3900,'USD'),(20250703,3,'cust-097','extended',6900,'USD'),(20250704,1,'cust-021','extended',7350,'USD'),(20250820,4,'cust-009','extended',5900,'USD'),(20250820,2,'cust-068','standard',3900,'USD'),(20250818,2,'cust-002','standard',3900,'USD'),(20250804,4,'cust-088','extended',5900,'USD'),(20250825,6,'cust-083','extended',6600,'USD'),(20250810,2,'cust-059','standard',3900,'USD'),(20250824,1,'cust-034','standard',4900,'USD'),(20250825,6,'cust-117','extended',6600,'USD'),(20250821,1,'cust-082','extended',7350,'USD'),(20250807,3,'cust-020','extended',6900,'USD'),(20250806,2,'cust-100','standard',3900,'USD'),(20250830,6,'cust-042','extended',6600,'USD'),(20250804,3,'cust-119','extended',6900,'USD'),(20250827,2,'cust-031','standard',3900,'USD'),(20250829,1,'cust-011','standard',4900,'USD'),(20250816,1,'cust-098','standard',4900,'USD'),(20250805,3,'cust-017','extended',6900,'USD'),(20250831,4,'cust-071','extended',5900,'USD'),(20250817,1,'cust-055','standard',4900,'USD'),(20250830,6,'cust-094','standard',4400,'USD'),(20250823,4,'cust-040','extended',5900,'USD'),(20250822,2,'cust-057','standard',3900,'USD'),(20250815,6,'cust-029','extended',6600,'USD'),(20250801,1,'cust-030','standard',4900,'USD'),(20250801,3,'cust-010','extended',6900,'USD'),(20250802,4,'cust-030','extended',5900,'USD'),(20250802,1,'cust-010','standard',4900,'USD'),(20250809,3,'cust-086','extended',6900,'USD'),(20250818,3,'cust-017','extended',6900,'USD'),(20250829,4,'cust-074','extended',5900,'USD'),(20250808,3,'cust-101','extended',6900,'USD'),(20250814,3,'cust-025','extended',6900,'USD'),(20250822,1,'cust-055','standard',4900,'USD'),(20250924,3,'cust-007','extended',6900,'USD'),(20250921,4,'cust-013','extended',5900,'USD'),(20250924,1,'cust-111','standard',4900,'USD'),(20250907,1,'cust-058','extended',7350,'USD'),(20250906,1,'cust-032','extended',7350,'USD'),(20250903,6,'cust-111','standard',4400,'USD'),(20250904,6,'cust-070','extended',6600,'USD'),(20250903,5,'cust-109','standard',2900,'USD'),(20250914,2,'cust-028','standard',3900,'USD'),(20250929,6,'cust-049','extended',6600,'USD'),(20250913,1,'cust-101','extended',7350,'USD'),(20250910,5,'cust-094','standard',2900,'USD'),(20250918,6,'cust-063','standard',4400,'USD'),(20250910,1,'cust-008','extended',7350,'USD'),(20250918,3,'cust-008','extended',6900,'USD'),(20250902,5,'cust-062','extended',4350,'USD'),(20250928,3,'cust-068','extended',6900,'USD'),(20250917,1,'cust-024','extended',7350,'USD'),(20250903,1,'cust-031','standard',4900,'USD'),(20250929,3,'cust-073','extended',6900,'USD'),(20250920,2,'cust-011','extended',5850,'USD'),(20250919,3,'cust-073','extended',6900,'USD'),(20250930,3,'cust-034','extended',6900,'USD'),(20250923,1,'cust-034','standard',4900,'USD'),(20250922,2,'cust-059','standard',3900,'USD'),(20250925,2,'cust-002','standard',3900,'USD'),(20250919,3,'cust-013','extended',6900,'USD'),(20250907,1,'cust-017','standard',4900,'USD'),(20250929,6,'cust-032','extended',6600,'USD'),(20250906,2,'cust-070','standard',3900,'USD'),(20250920,4,'cust-104','extended',5900,'USD'),(20250901,4,'cust-086','extended',5900,'USD'),(20251030,3,'cust-085','extended',6900,'USD');
INSERT INTO fact_sales (date_key,photo_id,customer_ref,license_type,amount_cents,currency) VALUES (20251029,1,'cust-015','extended',7350,'USD'),(20251024,6,'cust-035','standard',4400,'USD'),(20251007,2,'cust-027','standard',3900,'USD'),(20251028,4,'cust-034','extended',5900,'USD'),(20251009,3,'cust-116','extended',6900,'USD'),(20251002,6,'cust-055','extended',6600,'USD'),(20251002,5,'cust-099','extended',4350,'USD'),(20251009,1,'cust-057','extended',7350,'USD'),(20251014,3,'cust-072','extended',6900,'USD'),(20251003,1,'cust-089','standard',4900,'USD'),(20251018,6,'cust-048','extended',6600,'USD'),(20251005,3,'cust-056','extended',6900,'USD'),(20251010,1,'cust-120','standard',4900,'USD'),(20251028,5,'cust-046','extended',4350,'USD'),(20251008,1,'cust-046','standard',4900,'USD'),(20251029,5,'cust-080','standard',2900,'USD'),(20251030,5,'cust-111','standard',2900,'USD'),(20251026,1,'cust-113','standard',4900,'USD'),(20251006,3,'cust-095','extended',6900,'USD'),(20251026,6,'cust-103','standard',4400,'USD'),(20251024,4,'cust-104','extended',5900,'USD'),(20251006,2,'cust-014','standard',3900,'USD'),(20251002,2,'cust-029','standard',3900,'USD'),(20251030,1,'cust-040','standard',4900,'USD'),(20251028,5,'cust-004','extended',4350,'USD'),(20251013,4,'cust-043','extended',5900,'USD'),(20251003,2,'cust-036','standard',3900,'USD'),(20251017,2,'cust-108','standard',3900,'USD'),(20251031,3,'cust-004','extended',6900,'USD'),(20251009,1,'cust-034','extended',7350,'USD'),(20251020,1,'cust-094','standard',4900,'USD'),(20251014,5,'cust-066','standard',2900,'USD'),(20251029,1,'cust-033','standard',4900,'USD'),(20251014,1,'cust-119','extended',7350,'USD'),(20251022,5,'cust-095','standard',2900,'USD'),(20251007,4,'cust-047','extended',5900,'USD'),(20251122,1,'cust-080','standard',4900,'USD'),(20251128,2,'cust-116','extended',5850,'USD'),(20251110,2,'cust-042','standard',3900,'USD'),(20251110,3,'cust-071','extended',6900,'USD'),(20251114,1,'cust-049','standard',4900,'USD'),(20251129,4,'cust-023','extended',5900,'USD'),(20251110,4,'cust-052','extended',5900,'USD'),(20251101,3,'cust-039','extended',6900,'USD'),(20251114,2,'cust-078','standard',3900,'USD'),(20251115,4,'cust-057','extended',5900,'USD'),(20251107,3,'cust-066','extended',6900,'USD'),(20251129,3,'cust-102','extended',6900,'USD'),(20251122,4,'cust-011','extended',5900,'USD'),(20251122,2,'cust-043','standard',3900,'USD'),(20251125,1,'cust-040','extended',7350,'USD'),(20251107,1,'cust-006','extended',7350,'USD'),(20251116,2,'cust-099','standard',3900,'USD'),(20251114,1,'cust-074','standard',4900,'USD'),(20251123,1,'cust-052','standard',4900,'USD'),(20251121,2,'cust-115','standard',3900,'USD'),(20251125,5,'cust-100','standard',2900,'USD'),(20251106,3,'cust-103','extended',6900,'USD'),(20251117,6,'cust-072','standard',4400,'USD'),(20251128,2,'cust-018','extended',5850,'USD'),(20251122,5,'cust-072','standard',2900,'USD'),(20251125,3,'cust-115','extended',6900,'USD'),(20251127,3,'cust-093','extended',6900,'USD'),(20251114,6,'cust-071','standard',4400,'USD'),(20251106,3,'cust-096','extended',6900,'USD'),(20251115,6,'cust-032','extended',6600,'USD'),(20251109,5,'cust-067','standard',2900,'USD'),(20251108,3,'cust-036','extended',6900,'USD'),(20251123,3,'cust-037','extended',6900,'USD'),(20251111,2,'cust-070','standard',3900,'USD'),(20251105,1,'cust-089','extended',7350,'USD'),(20251107,1,'cust-053','extended',7350,'USD'),(20251115,2,'cust-027','standard',3900,'USD'),(20251113,5,'cust-075','standard',2900,'USD'),(20251101,6,'cust-098','standard',4400,'USD'),(20251116,3,'cust-001','extended',6900,'USD'),(20251110,6,'cust-110','standard',4400,'USD'),(20251127,6,'cust-096','standard',4400,'USD'),(20251126,4,'cust-078','extended',5900,'USD'),(20251116,6,'cust-056','extended',6600,'USD'),(20251211,1,'cust-103','standard',4900,'USD'),(20251206,3,'cust-108','extended',6900,'USD'),(20251205,3,'cust-080','extended',6900,'USD'),(20251230,3,'cust-051','extended',6900,'USD'),(20251222,3,'cust-004','extended',6900,'USD'),(20251214,1,'cust-060','extended',7350,'USD'),(20251209,1,'cust-028','standard',4900,'USD'),(20251211,3,'cust-098','extended',6900,'USD'),(20251209,6,'cust-107','standard',4400,'USD'),(20251227,3,'cust-011','extended',6900,'USD'),(20251224,3,'cust-070','extended',6900,'USD'),(20251231,1,'cust-084','standard',4900,'USD'),(20251231,1,'cust-097','standard',4900,'USD'),(20251208,1,'cust-003','extended',7350,'USD'),(20251208,4,'cust-017','extended',5900,'USD'),(20251204,3,'cust-073','extended',6900,'USD'),(20251215,6,'cust-099','standard',4400,'USD'),(20251220,2,'cust-096','standard',3900,'USD'),(20251225,4,'cust-105','extended',5900,'USD'),(20251210,1,'cust-004','extended',7350,'USD');
INSERT INTO fact_sales (date_key,photo_id,customer_ref,license_type,amount_cents,currency) VALUES (20251219,6,'cust-049','standard',4400,'USD'),(20251223,2,'cust-076','extended',5850,'USD'),(20251221,4,'cust-032','extended',5900,'USD'),(20251225,1,'cust-088','standard',4900,'USD'),(20251204,4,'cust-102','extended',5900,'USD'),(20251226,6,'cust-069','extended',6600,'USD'),(20251212,3,'cust-009','extended',6900,'USD'),(20251211,3,'cust-002','extended',6900,'USD'),(20251227,6,'cust-056','standard',4400,'USD'),(20251221,6,'cust-059','standard',4400,'USD'),(20251214,4,'cust-023','extended',5900,'USD'),(20251231,4,'cust-084','extended',5900,'USD'),(20251226,2,'cust-100','standard',3900,'USD'),(20251214,3,'cust-106','extended',6900,'USD'),(20251209,4,'cust-042','extended',5900,'USD'),(20251227,6,'cust-036','standard',4400,'USD'),(20251208,6,'cust-073','standard',4400,'USD'),(20251213,4,'cust-044','extended',5900,'USD'),(20251228,1,'cust-063','standard',4900,'USD'),(20251226,1,'cust-036','extended',7350,'USD'),(20251223,6,'cust-072','standard',4400,'USD'),(20251231,1,'cust-031','extended',7350,'USD'),(20251216,4,'cust-072','extended',5900,'USD'),(20251223,5,'cust-092','standard',2900,'USD'),(20251226,3,'cust-003','extended',6900,'USD'),(20251208,1,'cust-032','standard',4900,'USD'),(20260112,4,'cust-061','extended',5900,'USD'),(20260112,3,'cust-055','extended',6900,'USD'),(20260118,6,'cust-090','standard',4400,'USD'),(20260110,3,'cust-033','extended',6900,'USD'),(20260124,1,'cust-016','extended',7350,'USD'),(20260131,5,'cust-024','standard',2900,'USD'),(20260124,1,'cust-093','standard',4900,'USD'),(20260125,3,'cust-068','extended',6900,'USD'),(20260104,3,'cust-107','extended',6900,'USD'),(20260108,1,'cust-039','standard',4900,'USD'),(20260118,1,'cust-006','extended',7350,'USD'),(20260118,6,'cust-017','extended',6600,'USD'),(20260125,4,'cust-063','extended',5900,'USD'),(20260101,1,'cust-061','standard',4900,'USD'),(20260111,3,'cust-024','extended',6900,'USD'),(20260109,6,'cust-062','standard',4400,'USD'),(20260103,1,'cust-010','standard',4900,'USD'),(20260122,3,'cust-007','extended',6900,'USD'),(20260126,1,'cust-039','standard',4900,'USD'),(20260108,1,'cust-098','extended',7350,'USD'),(20260120,3,'cust-102','extended',6900,'USD'),(20260125,4,'cust-067','extended',5900,'USD'),(20260130,2,'cust-111','standard',3900,'USD'),(20260114,3,'cust-040','extended',6900,'USD'),(20260102,3,'cust-079','extended',6900,'USD'),(20260104,6,'cust-027','standard',4400,'USD'),(20260109,4,'cust-085','extended',5900,'USD'),(20260108,1,'cust-010','extended',7350,'USD'),(20260114,1,'cust-077','standard',4900,'USD'),(20260102,3,'cust-030','extended',6900,'USD'),(20260110,2,'cust-059','standard',3900,'USD'),(20260108,1,'cust-101','standard',4900,'USD'),(20260119,5,'cust-120','standard',2900,'USD'),(20260104,1,'cust-083','standard',4900,'USD'),(20260109,1,'cust-010','standard',4900,'USD'),(20260126,1,'cust-096','standard',4900,'USD'),(20260130,5,'cust-016','extended',4350,'USD'),(20260110,3,'cust-090','extended',6900,'USD'),(20260109,3,'cust-065','extended',6900,'USD'),(20260203,3,'cust-077','extended',6900,'USD'),(20260214,1,'cust-078','standard',4900,'USD'),(20260203,2,'cust-087','extended',5850,'USD'),(20260219,5,'cust-003','standard',2900,'USD'),(20260222,6,'cust-074','standard',4400,'USD'),(20260225,1,'cust-067','extended',7350,'USD'),(20260209,4,'cust-024','extended',5900,'USD'),(20260214,6,'cust-063','standard',4400,'USD'),(20260216,6,'cust-043','standard',4400,'USD'),(20260204,2,'cust-043','standard',3900,'USD'),(20260216,3,'cust-037','extended',6900,'USD'),(20260213,4,'cust-105','extended',5900,'USD'),(20260202,5,'cust-041','standard',2900,'USD'),(20260204,2,'cust-052','standard',3900,'USD'),(20260227,6,'cust-085','standard',4400,'USD'),(20260215,6,'cust-025','standard',4400,'USD'),(20260220,3,'cust-097','extended',6900,'USD'),(20260215,3,'cust-098','extended',6900,'USD'),(20260209,1,'cust-119','standard',4900,'USD'),(20260223,2,'cust-004','standard',3900,'USD'),(20260220,6,'cust-091','standard',4400,'USD'),(20260218,1,'cust-053','extended',7350,'USD'),(20260227,1,'cust-060','standard',4900,'USD'),(20260221,6,'cust-064','standard',4400,'USD'),(20260210,6,'cust-035','standard',4400,'USD'),(20260216,3,'cust-061','extended',6900,'USD'),(20260218,2,'cust-025','extended',5850,'USD'),(20260217,6,'cust-018','standard',4400,'USD'),(20260209,6,'cust-110','standard',4400,'USD'),(20260226,3,'cust-065','extended',6900,'USD'),(20260201,2,'cust-039','extended',5850,'USD'),(20260219,5,'cust-063','standard',2900,'USD'),(20260215,6,'cust-045','standard',4400,'USD'),(20260225,2,'cust-059','standard',3900,'USD'),(20260228,6,'cust-090','extended',6600,'USD');
INSERT INTO fact_sales (date_key,photo_id,customer_ref,license_type,amount_cents,currency) VALUES (20260213,2,'cust-100','extended',5850,'USD'),(20260211,3,'cust-096','extended',6900,'USD'),(20260226,3,'cust-049','extended',6900,'USD'),(20260222,2,'cust-084','standard',3900,'USD'),(20260216,6,'cust-017','standard',4400,'USD'),(20260219,3,'cust-043','extended',6900,'USD'),(20260228,6,'cust-013','standard',4400,'USD'),(20260215,3,'cust-002','extended',6900,'USD'),(20260328,1,'cust-020','standard',4900,'USD'),(20260326,1,'cust-044','standard',4900,'USD'),(20260313,4,'cust-084','extended',5900,'USD'),(20260311,1,'cust-110','standard',4900,'USD'),(20260331,3,'cust-041','extended',6900,'USD'),(20260329,4,'cust-098','extended',5900,'USD'),(20260318,3,'cust-005','extended',6900,'USD'),(20260308,4,'cust-081','extended',5900,'USD'),(20260310,4,'cust-030','extended',5900,'USD'),(20260314,5,'cust-098','standard',2900,'USD'),(20260328,4,'cust-013','extended',5900,'USD'),(20260323,3,'cust-039','extended',6900,'USD'),(20260302,6,'cust-008','standard',4400,'USD'),(20260312,2,'cust-032','standard',3900,'USD'),(20260319,3,'cust-088','extended',6900,'USD'),(20260306,5,'cust-079','extended',4350,'USD'),(20260320,6,'cust-064','standard',4400,'USD'),(20260305,6,'cust-082','extended',6600,'USD'),(20260309,2,'cust-116','standard',3900,'USD'),(20260329,5,'cust-070','extended',4350,'USD'),(20260315,1,'cust-076','standard',4900,'USD'),(20260331,2,'cust-033','standard',3900,'USD'),(20260310,3,'cust-026','extended',6900,'USD'),(20260328,6,'cust-031','standard',4400,'USD'),(20260312,2,'cust-090','standard',3900,'USD'),(20260327,2,'cust-036','standard',3900,'USD'),(20260328,1,'cust-096','standard',4900,'USD'),(20260330,6,'cust-064','standard',4400,'USD'),(20260329,5,'cust-103','extended',4350,'USD'),(20260326,1,'cust-082','standard',4900,'USD'),(20260309,1,'cust-093','standard',4900,'USD'),(20260322,5,'cust-081','standard',2900,'USD'),(20260321,1,'cust-040','standard',4900,'USD'),(20260302,5,'cust-094','standard',2900,'USD'),(20260330,1,'cust-096','extended',7350,'USD'),(20260307,3,'cust-017','extended',6900,'USD'),(20260329,5,'cust-068','standard',2900,'USD'),(20260309,3,'cust-107','extended',6900,'USD'),(20260330,1,'cust-062','standard',4900,'USD'),(20260310,6,'cust-044','standard',4400,'USD'),(20260315,5,'cust-019','standard',2900,'USD'),(20260308,5,'cust-093','standard',2900,'USD'),(20260313,4,'cust-109','extended',5900,'USD'),(20260312,5,'cust-051','extended',4350,'USD'),(20260318,1,'cust-048','extended',7350,'USD'),(20260322,4,'cust-034','extended',5900,'USD'),(20260421,2,'cust-014','standard',3900,'USD'),(20260416,4,'cust-004','extended',5900,'USD'),(20260418,4,'cust-042','extended',5900,'USD'),(20260408,6,'cust-082','standard',4400,'USD'),(20260430,5,'cust-084','standard',2900,'USD'),(20260405,3,'cust-006','extended',6900,'USD'),(20260410,6,'cust-015','standard',4400,'USD'),(20260429,1,'cust-050','standard',4900,'USD'),(20260422,3,'cust-096','extended',6900,'USD'),(20260418,4,'cust-054','extended',5900,'USD'),(20260424,3,'cust-020','extended',6900,'USD'),(20260421,6,'cust-063','extended',6600,'USD'),(20260409,4,'cust-005','extended',5900,'USD'),(20260407,4,'cust-057','extended',5900,'USD'),(20260408,3,'cust-110','extended',6900,'USD'),(20260422,2,'cust-116','standard',3900,'USD'),(20260412,6,'cust-036','extended',6600,'USD'),(20260404,1,'cust-106','standard',4900,'USD'),(20260422,3,'cust-028','extended',6900,'USD'),(20260420,4,'cust-003','extended',5900,'USD'),(20260411,1,'cust-017','extended',7350,'USD'),(20260407,5,'cust-098','extended',4350,'USD'),(20260419,3,'cust-028','extended',6900,'USD'),(20260408,5,'cust-019','standard',2900,'USD'),(20260420,5,'cust-110','extended',4350,'USD'),(20260405,6,'cust-103','standard',4400,'USD'),(20260422,1,'cust-017','standard',4900,'USD'),(20260426,1,'cust-076','standard',4900,'USD'),(20260406,2,'cust-017','extended',5850,'USD'),(20260417,5,'cust-009','extended',4350,'USD'),(20260425,3,'cust-047','extended',6900,'USD'),(20260404,3,'cust-058','extended',6900,'USD'),(20260420,3,'cust-006','extended',6900,'USD'),(20260430,4,'cust-111','extended',5900,'USD'),(20260410,4,'cust-059','extended',5900,'USD'),(20260401,4,'cust-008','extended',5900,'USD'),(20260428,6,'cust-088','standard',4400,'USD'),(20260423,1,'cust-010','standard',4900,'USD'),(20260411,6,'cust-009','standard',4400,'USD'),(20260420,1,'cust-071','standard',4900,'USD'),(20260413,4,'cust-077','extended',5900,'USD'),(20260415,3,'cust-065','extended',6900,'USD'),(20260404,4,'cust-102','extended',5900,'USD'),(20260428,4,'cust-084','extended',5900,'USD'),(20260425,4,'cust-071','extended',5900,'USD'),(20260407,4,'cust-056','extended',5900,'USD');
INSERT INTO fact_sales (date_key,photo_id,customer_ref,license_type,amount_cents,currency) VALUES (20260408,3,'cust-053','extended',6900,'USD'),(20260513,5,'cust-013','standard',2900,'USD'),(20260511,2,'cust-048','standard',3900,'USD'),(20260522,6,'cust-009','standard',4400,'USD'),(20260503,1,'cust-013','extended',7350,'USD'),(20260512,5,'cust-072','standard',2900,'USD'),(20260531,1,'cust-043','standard',4900,'USD'),(20260514,4,'cust-046','extended',5900,'USD'),(20260531,6,'cust-112','standard',4400,'USD'),(20260502,6,'cust-077','standard',4400,'USD'),(20260504,2,'cust-028','standard',3900,'USD'),(20260516,1,'cust-014','extended',7350,'USD'),(20260518,2,'cust-098','standard',3900,'USD'),(20260508,2,'cust-109','standard',3900,'USD'),(20260525,3,'cust-105','extended',6900,'USD'),(20260522,4,'cust-083','extended',5900,'USD'),(20260520,3,'cust-119','extended',6900,'USD'),(20260523,4,'cust-035','extended',5900,'USD'),(20260509,1,'cust-040','standard',4900,'USD'),(20260512,6,'cust-112','extended',6600,'USD'),(20260522,1,'cust-019','standard',4900,'USD'),(20260501,5,'cust-068','extended',4350,'USD'),(20260514,1,'cust-021','standard',4900,'USD'),(20260524,2,'cust-073','standard',3900,'USD'),(20260529,3,'cust-007','extended',6900,'USD'),(20260525,1,'cust-087','standard',4900,'USD'),(20260515,1,'cust-063','standard',4900,'USD'),(20260514,4,'cust-035','extended',5900,'USD'),(20260517,1,'cust-056','extended',7350,'USD'),(20260522,1,'cust-063','standard',4900,'USD'),(20260510,3,'cust-006','extended',6900,'USD'),(20260520,1,'cust-027','extended',7350,'USD'),(20260507,2,'cust-098','standard',3900,'USD'),(20260511,2,'cust-064','extended',5850,'USD'),(20260506,5,'cust-069','extended',4350,'USD'),(20260517,4,'cust-072','extended',5900,'USD'),(20260526,5,'cust-051','standard',2900,'USD'),(20260502,6,'cust-059','standard',4400,'USD'),(20260528,6,'cust-055','standard',4400,'USD'),(20260523,3,'cust-082','extended',6900,'USD'),(20260504,3,'cust-052','extended',6900,'USD'),(20260511,1,'cust-080','extended',7350,'USD'),(20260523,3,'cust-118','extended',6900,'USD'),(20260514,2,'cust-032','standard',3900,'USD'),(20260513,3,'cust-068','extended',6900,'USD'),(20260528,1,'cust-044','standard',4900,'USD'),(20260525,1,'cust-066','extended',7350,'USD'),(20260517,4,'cust-066','extended',5900,'USD'),(20260612,6,'cust-105','standard',4400,'USD'),(20260605,4,'cust-031','extended',5900,'USD'),(20260609,1,'cust-078','extended',7350,'USD'),(20260625,1,'cust-023','standard',4900,'USD'),(20260621,6,'cust-097','standard',4400,'USD'),(20260619,3,'cust-058','extended',6900,'USD'),(20260629,4,'cust-073','extended',5900,'USD'),(20260620,4,'cust-042','extended',5900,'USD'),(20260621,6,'cust-057','standard',4400,'USD'),(20260615,1,'cust-102','standard',4900,'USD'),(20260602,2,'cust-010','standard',3900,'USD'),(20260615,2,'cust-048','extended',5850,'USD'),(20260603,5,'cust-110','standard',2900,'USD'),(20260620,1,'cust-060','standard',4900,'USD'),(20260626,3,'cust-095','extended',6900,'USD'),(20260615,6,'cust-074','standard',4400,'USD'),(20260611,4,'cust-078','extended',5900,'USD'),(20260605,3,'cust-008','extended',6900,'USD'),(20260626,3,'cust-116','extended',6900,'USD'),(20260623,5,'cust-083','extended',4350,'USD'),(20260608,1,'cust-057','standard',4900,'USD'),(20260620,3,'cust-021','extended',6900,'USD'),(20260630,2,'cust-053','extended',5850,'USD'),(20260622,5,'cust-102','standard',2900,'USD'),(20260611,4,'cust-009','extended',5900,'USD'),(20260618,2,'cust-037','standard',3900,'USD'),(20260628,2,'cust-117','standard',3900,'USD'),(20260605,4,'cust-043','extended',5900,'USD'),(20260622,1,'cust-045','extended',7350,'USD'),(20260621,2,'cust-051','standard',3900,'USD'),(20260623,1,'cust-040','standard',4900,'USD'),(20260621,3,'cust-102','extended',6900,'USD'),(20260605,2,'cust-107','standard',3900,'USD'),(20260622,6,'cust-012','standard',4400,'USD'),(20260614,4,'cust-066','extended',5900,'USD'),(20260612,2,'cust-028','standard',3900,'USD'),(20260625,2,'cust-029','standard',3900,'USD'),(20260605,6,'cust-109','extended',6600,'USD'),(20260617,5,'cust-107','standard',2900,'USD'),(20260617,5,'cust-044','extended',4350,'USD'),(20260620,6,'cust-049','extended',6600,'USD'),(20260606,1,'cust-099','standard',4900,'USD'),(20260629,4,'cust-022','extended',5900,'USD'),(20260602,4,'cust-053','extended',5900,'USD'),(20260624,2,'cust-057','extended',5850,'USD'),(20260625,4,'cust-096','extended',5900,'USD'),(20260608,5,'cust-040','standard',2900,'USD'),(20260626,6,'cust-107','standard',4400,'USD'),(20260622,1,'cust-057','standard',4900,'USD'),(20260610,3,'cust-100','extended',6900,'USD'),(20260617,2,'cust-021','standard',3900,'USD'),(20260626,5,'cust-112','standard',2900,'USD');
